temperature,time
99.812,0.0
99.812,1.0
99.812,2.0
99.812,3.0
99.812,4.0
99.687,5.0
99.625,6.0
99.5,7.0
99.312,8.0
99.125,9.0
98.937,10.0
98.812,11.0
98.5,12.0
98.25,13.0
98.0,14.0
97.75,15.0
97.5,16.0
97.25,17.0
97.0,18.0
96.75,19.0
96.562,20.0
96.375,21.0
96.187,22.0
96.0,23.0
95.75,24.0
95.562,25.0
95.437,26.0
95.25,27.0
95.0,28.0
94.75,29.0
94.437,30.0
94.25,31.0
93.937,32.0
93.625,33.0
93.375,34.0
93.187,35.0
93.0,36.0
92.812,37.0
92.625,38.0
92.5,39.0
92.25,40.0
92.062,41.0
91.875,42.0
91.75,43.0
91.5,44.0
91.312,45.0
91.125,46.0
90.937,47.0
90.75,48.0
90.562,49.0
90.312,50.0
90.125,51.0
89.937,52.0
89.75,53.0
89.562,54.0
89.375,55.0
89.187,56.0
89.0,57.0
88.75,58.0
88.562,59.0
88.375,60.0
88.187,61.0
88.0,62.0
87.812,63.0
87.687,64.0
87.562,65.0
87.375,66.0
87.187,67.0
87.062,68.0
86.937,69.0
86.75,70.0
86.562,71.0
86.375,72.0
86.25,73.0
86.062,74.0
85.875,75.0
85.687,76.0
85.5,77.0
85.375,78.0
85.125,79.0
85.0,80.0
84.875,81.0
84.75,82.0
84.625,83.0
84.5,84.0
84.375,85.0
84.25,86.0
84.125,87.0
83.937,88.0
83.875,89.0
83.687,90.0
83.562,91.0
83.437,92.0
83.312,93.0
83.062,94.0
83.0,95.0
82.812,96.0
82.687,97.0
82.562,98.0
82.437,99.0
82.312,100.0
82.187,101.0
82.062,102.0
81.875,103.0
81.75,104.0
81.625,105.0
81.5,106.0
81.375,107.0
81.25,108.0
81.062,109.0
80.937,110.0
80.812,111.0
80.687,112.0
80.562,113.0
80.375,114.0
80.25,115.0
80.062,116.0
80.0,117.0
79.875,118.0
79.687,119.0
79.562,120.0
79.437,121.0
79.312,122.0
79.187,123.0
79.062,124.0
78.937,125.0
78.812,126.0
78.75,127.0
78.562,128.0
78.5,129.0
78.375,130.0
78.312,131.0
78.187,132.0
78.062,133.0
78.0,134.0
77.875,135.0
77.75,136.0
77.687,137.0
77.562,138.0
77.437,139.0
77.312,140.0
77.187,141.0
77.062,142.0
76.937,143.0
76.75,144.0
76.687,145.0
76.562,146.0
76.5,147.0
76.375,148.0
76.312,149.0
76.187,150.0
76.062,151.0
75.937,152.0
75.875,153.0
75.812,154.0
75.687,155.0
75.625,156.0
75.5,157.0
75.437,158.0
75.312,159.0
75.187,160.0
75.062,161.0
75.0,162.0
74.875,163.0
74.75,164.0
74.625,165.0
74.5,166.0
74.437,167.0
74.312,168.0
74.25,169.0
74.125,170.0
74.062,171.0
73.875,172.0
73.812,173.0
73.75,174.0
73.625,175.0
73.5,176.0
73.375,177.0
73.312,178.0
73.187,179.0
73.062,180.0
73.0,181.0
72.875,182.0
72.75,183.0
72.687,184.0
72.625,185.0
72.5,186.0
72.437,187.0
72.312,188.0
72.187,189.0
72.125,190.0
72.0,191.0
71.875,192.0
71.812,193.0
71.687,194.0
71.625,195.0
71.562,196.0
71.5,197.0
71.375,198.0
71.25,199.0
71.187,200.0
71.125,201.0
71.062,202.0
71.0,203.0
70.937,204.0
70.875,205.0
70.812,206.0
70.75,207.0
70.687,208.0
70.625,209.0
70.5,210.0
70.437,211.0
70.375,212.0
70.25,213.0
70.187,214.0
70.062,215.0
69.937,216.0
69.937,217.0
69.875,218.0
69.75,219.0
69.687,220.0
69.562,221.0
69.5,222.0
69.437,223.0
69.375,224.0
69.312,225.0
69.25,226.0
69.125,227.0
69.062,228.0
69.0,229.0
68.937,230.0
68.812,231.0
68.75,232.0
68.687,233.0
68.625,234.0
68.5,235.0
68.437,236.0
68.375,237.0
68.25,238.0
68.187,239.0
68.125,240.0
68.062,241.0
68.0,242.0
67.875,243.0
67.75,244.0
67.75,245.0
67.687,246.0
67.625,247.0
67.5,248.0
67.437,249.0
67.375,250.0
67.25,251.0
67.125,252.0
67.0,253.0
66.937,254.0
66.812,255.0
66.812,256.0
66.75,257.0
66.625,258.0
66.562,259.0
66.5,260.0
66.437,261.0
66.375,262.0
66.312,263.0
66.312,264.0
66.25,265.0
66.125,266.0
66.125,267.0
66.062,268.0
66.0,269.0
65.937,270.0
65.875,271.0
65.75,272.0
65.75,273.0
65.687,274.0
65.562,275.0
65.437,276.0
65.437,277.0
65.375,278.0
65.312,279.0
65.25,280.0
65.187,281.0
65.125,282.0
65.0,283.0
65.0,284.0
64.937,285.0
64.937,286.0
64.875,287.0
64.812,288.0
64.687,289.0
64.625,290.0
64.5,291.0
64.5,292.0
64.437,293.0
64.312,294.0
64.25,295.0
64.187,296.0
64.125,297.0
64.062,298.0
64.0,299.0
63.937,300.0
63.875,301.0
63.812,302.0
63.75,303.0
63.687,304.0
63.562,305.0
63.562,306.0
63.5,307.0
63.437,308.0
63.375,309.0
63.312,310.0
63.187,311.0
63.125,312.0
63.062,313.0
63.0,314.0
62.937,315.0
62.812,316.0
62.812,317.0
62.687,318.0
62.625,319.0
62.625,320.0
62.562,321.0
62.375,322.0
62.437,323.0
62.375,324.0
62.312,325.0
62.25,326.0
62.187,327.0
62.125,328.0
62.125,329.0
62.062,330.0
62.062,331.0
62.0,332.0
61.875,333.0
61.875,334.0
61.812,335.0
61.75,336.0
61.687,337.0
61.687,338.0
61.625,339.0
61.562,340.0
61.5,341.0
61.437,342.0
61.375,343.0
61.25,344.0
61.312,345.0
61.25,346.0
61.187,347.0
61.125,348.0
61.125,349.0
61.062,350.0
61.0,351.0
60.937,352.0
60.937,353.0
60.875,354.0
60.75,355.0
60.812,356.0
60.75,357.0
60.687,358.0
60.625,359.0
60.562,360.0
60.562,361.0
60.5,362.0
60.437,363.0
60.375,364.0
60.375,365.0
60.25,366.0
60.187,367.0
60.187,368.0
60.062,369.0
60.0,370.0
60.0,371.0
59.875,372.0
59.875,373.0
59.812,374.0
59.812,375.0
59.75,376.0
59.687,377.0
59.625,378.0
59.625,379.0
59.562,380.0
59.5,381.0
59.5,382.0
59.375,383.0
59.375,384.0
59.312,385.0
59.25,386.0
59.187,387.0
59.187,388.0
59.125,389.0
59.0,390.0
59.0,391.0
58.937,392.0
58.937,393.0
58.75,394.0
58.812,395.0
58.75,396.0
58.687,397.0
58.687,398.0
58.625,399.0
58.562,400.0
58.5,401.0
58.5,402.0
58.437,403.0
58.437,404.0
58.312,405.0
58.25,406.0
58.25,407.0
58.25,408.0
58.187,409.0
58.125,410.0
58.062,411.0
58.062,412.0
58.0,413.0
58.0,414.0
57.937,415.0
57.812,416.0
57.812,417.0
57.812,418.0
57.75,419.0
57.687,420.0
57.625,421.0
57.625,422.0
57.562,423.0
57.562,424.0
57.5,425.0
57.437,426.0
57.375,427.0
57.375,428.0
57.312,429.0
57.312,430.0
57.25,431.0
57.25,432.0
57.125,433.0
57.125,434.0
57.125,435.0
57.062,436.0
57.0,437.0
57.0,438.0
56.937,439.0
56.875,440.0
56.812,441.0
56.75,442.0
56.75,443.0
56.625,444.0
56.687,445.0
56.625,446.0
56.562,447.0
56.562,448.0
56.5,449.0
56.5,450.0
56.437,451.0
56.375,452.0
56.375,453.0
56.312,454.0
56.187,455.0
56.25,456.0
56.25,457.0
56.187,458.0
56.125,459.0
56.062,460.0
56.062,461.0
56.0,462.0
55.875,463.0
55.875,464.0
55.812,465.0
55.75,466.0
55.75,467.0
55.75,468.0
55.687,469.0
55.625,470.0
55.625,471.0
55.562,472.0
55.5,473.0
55.437,474.0
55.437,475.0
55.375,476.0
55.25,477.0
55.25,478.0
55.25,479.0
55.187,480.0
55.187,481.0
55.125,482.0
55.062,483.0
55.0,484.0
54.937,485.0
54.875,486.0
54.875,487.0
54.812,488.0
54.812,489.0
54.812,490.0
54.687,491.0
54.75,492.0
54.687,493.0
54.625,494.0
54.625,495.0
54.625,496.0
54.562,497.0
54.562,498.0
54.5,499.0
54.5,500.0
54.437,501.0
54.375,502.0
54.375,503.0
54.25,504.0
54.187,505.0
54.25,506.0
54.187,507.0
54.125,508.0
54.125,509.0
54.062,510.0
54.062,511.0
54.0,512.0
54.0,513.0
53.937,514.0
53.937,515.0
53.812,516.0
53.812,517.0
53.75,518.0
53.75,519.0
53.687,520.0
53.625,521.0
53.625,522.0
53.562,523.0
53.562,524.0
53.5,525.0
53.5,526.0
53.375,527.0
53.375,528.0
53.375,529.0
53.312,530.0
53.312,531.0
53.25,532.0
53.25,533.0
53.187,534.0
53.187,535.0
53.187,536.0
53.125,537.0
53.062,538.0
53.062,539.0
53.062,540.0
53.0,541.0
53.0,542.0
52.937,543.0
52.812,544.0
52.937,545.0
52.875,546.0
52.812,547.0
52.812,548.0
52.75,549.0
52.75,550.0
52.687,551.0
52.687,552.0
52.625,553.0
52.562,554.0
52.5,555.0
52.562,556.0
52.5,557.0
52.437,558.0
52.375,559.0
52.375,560.0
52.375,561.0
52.312,562.0
52.312,563.0
52.25,564.0
52.25,565.0
52.125,566.0
52.125,567.0
52.125,568.0
52.062,569.0
52.062,570.0
52.0,571.0
52.0,572.0
51.937,573.0
51.875,574.0
51.875,575.0
51.812,576.0
51.75,577.0
51.75,578.0
51.687,579.0
51.625,580.0
51.625,581.0
51.562,582.0
51.562,583.0
51.5,584.0
51.5,585.0
51.437,586.0
51.437,587.0
51.312,588.0
51.312,589.0
51.312,590.0
51.312,591.0
51.25,592.0
51.25,593.0
51.187,594.0
51.187,595.0
51.187,596.0
51.125,597.0
51.062,598.0
51.062,599.0
51.062,600.0
51.062,601.0
51.0,602.0
51.0,603.0
50.937,604.0
50.812,605.0
50.875,606.0
50.875,607.0
50.812,608.0
50.75,609.0
50.75,610.0
50.75,611.0
50.687,612.0
50.625,613.0
50.625,614.0
50.562,615.0
50.5,616.0
50.5,617.0
50.437,618.0
50.437,619.0
50.375,620.0
50.312,621.0
50.312,622.0
50.312,623.0
50.25,624.0
50.25,625.0
50.25,626.0
50.187,627.0
50.125,628.0
50.125,629.0
50.062,630.0
50.062,631.0
50.0,632.0
50.0,633.0
49.937,634.0
49.937,635.0
49.875,636.0
49.875,637.0
49.75,638.0
49.812,639.0
49.812,640.0
49.75,641.0
49.75,642.0
49.687,643.0
49.687,644.0
49.625,645.0
49.562,646.0
49.562,647.0
49.5,648.0
49.437,649.0
49.437,650.0
49.375,651.0
49.375,652.0
49.375,653.0
49.312,654.0
49.312,655.0
49.312,656.0
49.312,657.0
49.25,658.0
49.25,659.0
49.187,660.0
49.187,661.0
49.125,662.0
49.125,663.0
49.125,664.0
49.125,665.0
49.0,666.0
49.062,667.0
49.062,668.0
49.0,669.0
49.0,670.0
48.937,671.0
48.937,672.0
48.875,673.0
48.812,674.0
48.812,675.0
48.812,676.0
48.687,677.0
48.75,678.0
48.687,679.0
48.687,680.0
48.687,681.0
48.625,682.0
48.625,683.0
48.562,684.0
48.5,685.0
48.5,686.0
48.437,687.0
48.375,688.0
48.375,689.0
48.375,690.0
48.312,691.0
48.312,692.0
48.25,693.0
48.187,694.0
48.187,695.0
48.187,696.0
48.187,697.0
48.187,698.0
48.062,699.0
48.062,700.0
48.0,701.0
48.0,702.0
48.0,703.0
47.937,704.0
47.875,705.0
47.937,706.0
47.875,707.0
47.875,708.0
47.812,709.0
47.812,710.0
47.75,711.0
47.812,712.0
47.75,713.0
47.75,714.0
47.687,715.0
47.687,716.0
47.687,717.0
47.625,718.0
47.625,719.0
47.562,720.0
47.562,721.0
47.562,722.0
47.5,723.0
47.437,724.0
47.437,725.0
47.437,726.0
47.375,727.0
47.375,728.0
47.375,729.0
47.312,730.0
47.312,731.0
47.25,732.0
47.25,733.0
47.25,734.0
47.25,735.0
47.25,736.0
47.187,737.0
47.125,738.0
47.125,739.0
47.125,740.0
47.062,741.0
47.062,742.0
47.062,743.0
46.937,744.0
47.0,745.0
46.937,746.0
46.937,747.0
46.937,748.0
46.875,749.0
46.875,750.0
46.875,751.0
46.812,752.0
46.812,753.0
46.812,754.0
46.687,755.0
46.812,756.0
46.75,757.0
46.687,758.0
46.687,759.0
46.687,760.0
46.625,761.0
46.625,762.0
46.625,763.0
46.625,764.0
46.625,765.0
46.5,766.0
46.562,767.0
46.562,768.0
46.437,769.0
46.437,770.0
46.437,771.0
46.375,772.0
46.375,773.0
46.375,774.0
46.312,775.0
46.312,776.0
46.187,777.0
46.25,778.0
46.25,779.0
46.25,780.0
46.187,781.0
46.187,782.0
46.125,783.0
46.125,784.0
46.062,785.0
46.062,786.0
46.062,787.0
46.0,788.0
46.0,789.0
46.0,790.0
46.0,791.0
45.937,792.0
45.937,793.0
45.937,794.0
45.937,795.0
45.875,796.0
45.875,797.0
45.875,798.0
45.75,799.0
45.75,800.0
45.812,801.0
45.75,802.0
45.75,803.0
45.75,804.0
45.625,805.0
45.687,806.0
45.687,807.0
45.625,808.0
45.562,809.0
45.562,810.0
45.5,811.0
45.5,812.0
45.5,813.0
45.5,814.0
45.437,815.0
45.375,816.0
45.375,817.0
45.437,818.0
45.375,819.0
45.375,820.0
45.312,821.0
45.25,822.0
45.25,823.0
45.25,824.0
45.25,825.0
45.187,826.0
45.125,827.0
45.187,828.0
45.125,829.0
45.125,830.0
45.125,831.0
45.062,832.0
45.062,833.0
45.0,834.0
45.0,835.0
45.0,836.0
45.0,837.0
44.875,838.0
44.875,839.0
44.875,840.0
44.875,841.0
44.875,842.0
44.812,843.0
44.812,844.0
44.75,845.0
44.75,846.0
44.687,847.0
44.687,848.0
44.625,849.0
44.625,850.0
44.625,851.0
44.625,852.0
44.625,853.0
44.562,854.0
44.5,855.0
44.562,856.0
44.5,857.0
44.5,858.0
44.5,859.0
44.437,860.0
44.375,861.0
44.375,862.0
44.375,863.0
44.312,864.0
44.312,865.0
44.25,866.0
44.25,867.0
44.25,868.0
44.25,869.0
44.25,870.0
44.187,871.0
44.187,872.0
44.187,873.0
44.125,874.0
44.125,875.0
44.062,876.0
44.0,877.0
44.0,878.0
44.0,879.0
44.0,880.0
44.0,881.0
44.0,882.0
43.937,883.0
43.875,884.0
43.875,885.0
43.875,886.0
43.875,887.0
43.75,888.0
43.812,889.0
43.812,890.0
43.75,891.0
43.687,892.0
43.75,893.0
43.687,894.0
43.687,895.0
43.625,896.0
43.625,897.0
43.625,898.0
43.562,899.0
43.562,900.0
43.562,901.0
43.562,902.0
43.625,903.0
43.562,904.0
43.562,905.0
43.562,906.0
43.562,907.0
43.5,908.0
43.5,909.0
43.437,910.0
43.5,911.0
43.437,912.0
43.437,913.0
43.437,914.0
43.437,915.0
43.375,916.0
43.375,917.0
43.312,918.0
43.312,919.0
43.312,920.0
43.25,921.0
43.312,922.0
43.25,923.0
43.25,924.0
43.25,925.0
43.187,926.0
43.125,927.0
43.187,928.0
43.187,929.0
43.125,930.0
43.125,931.0
43.062,932.0
43.125,933.0
43.062,934.0
43.062,935.0
43.0,936.0
43.0,937.0
42.937,938.0
42.937,939.0
42.937,940.0
42.937,941.0
42.875,942.0
42.875,943.0
42.875,944.0
42.875,945.0
42.812,946.0
42.812,947.0
42.812,948.0
42.75,949.0
42.75,950.0
42.75,951.0
42.687,952.0
42.687,953.0
42.687,954.0
42.687,955.0
42.625,956.0
42.625,957.0
42.562,958.0
42.562,959.0
42.5,960.0
42.562,961.0
42.5,962.0
42.5,963.0
42.5,964.0
42.437,965.0
42.437,966.0
42.437,967.0
42.375,968.0
42.375,969.0
42.375,970.0
42.312,971.0
42.375,972.0
42.312,973.0
42.312,974.0
42.312,975.0
42.312,976.0
42.25,977.0
42.25,978.0
42.187,979.0
42.187,980.0
42.187,981.0
42.125,982.0
42.187,983.0
42.187,984.0
42.187,985.0
42.125,986.0
42.125,987.0
42.125,988.0
42.062,989.0
42.062,990.0
42.062,991.0
42.062,992.0
42.0,993.0
42.0,994.0
42.0,995.0
42.0,996.0
42.0,997.0
41.937,998.0
41.875,999.0
41.937,1000.0
41.875,1001.0
41.875,1002.0
41.875,1003.0
41.875,1004.0
41.812,1005.0
41.812,1006.0
41.75,1007.0
41.75,1008.0
41.75,1009.0
41.687,1010.0
41.75,1011.0
41.75,1012.0
41.687,1013.0
41.687,1014.0
41.687,1015.0
41.687,1016.0
41.625,1017.0
41.625,1018.0
41.625,1019.0
41.562,1020.0
41.5,1021.0
41.562,1022.0
41.562,1023.0
41.5,1024.0
41.5,1025.0
41.5,1026.0
41.5,1027.0
41.437,1028.0
41.437,1029.0
41.437,1030.0
41.375,1031.0
41.375,1032.0
41.375,1033.0
41.312,1034.0
41.375,1035.0
41.312,1036.0
41.25,1037.0
41.25,1038.0
41.312,1039.0
41.25,1040.0
41.25,1041.0
41.187,1042.0
41.187,1043.0
41.187,1044.0
41.125,1045.0
41.125,1046.0
41.125,1047.0
41.062,1048.0
41.062,1049.0
41.062,1050.0
41.062,1051.0
41.062,1052.0
41.062,1053.0
41.062,1054.0
41.0,1055.0
41.0,1056.0
41.0,1057.0
41.0,1058.0
40.937,1059.0
40.875,1060.0
40.937,1061.0
40.875,1062.0
40.875,1063.0
40.875,1064.0
40.812,1065.0
40.812,1066.0
40.812,1067.0
40.75,1068.0
40.75,1069.0
40.75,1070.0
40.625,1071.0
40.687,1072.0
40.687,1073.0
40.625,1074.0
40.625,1075.0
40.625,1076.0
40.625,1077.0
40.562,1078.0
40.562,1079.0
40.562,1080.0
40.562,1081.0
40.5,1082.0
40.562,1083.0
40.562,1084.0
40.5,1085.0
40.5,1086.0
40.5,1087.0
40.375,1088.0
40.437,1089.0
40.437,1090.0
40.437,1091.0
40.375,1092.0
40.375,1093.0
40.312,1094.0
40.312,1095.0
40.312,1096.0
40.25,1097.0
40.25,1098.0
40.125,1099.0
40.25,1100.0
40.25,1101.0
40.187,1102.0
40.187,1103.0
40.187,1104.0
40.187,1105.0
40.125,1106.0
40.125,1107.0
40.125,1108.0
40.125,1109.0
40.0,1110.0
40.062,1111.0
40.062,1112.0
40.0,1113.0
40.062,1114.0
40.0,1115.0
40.0,1116.0
40.0,1117.0
39.937,1118.0
39.937,1119.0
39.937,1120.0
39.875,1121.0
39.875,1122.0
39.875,1123.0
39.875,1124.0
39.812,1125.0
39.812,1126.0
39.812,1127.0
39.812,1128.0
39.812,1129.0
39.812,1130.0
39.812,1131.0
39.687,1132.0
39.75,1133.0
39.75,1134.0
39.687,1135.0
39.75,1136.0
39.687,1137.0
39.625,1138.0
39.625,1139.0
39.625,1140.0
39.562,1141.0
39.562,1142.0
39.562,1143.0
39.562,1144.0
39.562,1145.0
39.562,1146.0
39.562,1147.0
39.5,1148.0
39.437,1149.0
39.437,1150.0
39.437,1151.0
39.437,1152.0
39.437,1153.0
39.437,1154.0
39.375,1155.0
39.375,1156.0
39.375,1157.0
39.375,1158.0
39.375,1159.0
39.25,1160.0
39.312,1161.0
39.312,1162.0
39.25,1163.0
39.25,1164.0
39.25,1165.0
39.25,1166.0
39.25,1167.0
39.25,1168.0
39.187,1169.0
39.187,1170.0
39.125,1171.0
39.187,1172.0
39.187,1173.0
39.125,1174.0
39.125,1175.0
39.125,1176.0
39.125,1177.0
39.062,1178.0
39.062,1179.0
39.062,1180.0
39.0,1181.0
38.937,1182.0
39.0,1183.0
39.0,1184.0
38.937,1185.0
39.0,1186.0
38.937,1187.0
38.875,1188.0
38.937,1189.0
38.937,1190.0
38.875,1191.0
38.937,1192.0
38.875,1193.0
38.875,1194.0
38.812,1195.0
38.812,1196.0
38.812,1197.0
38.812,1198.0
38.75,1199.0
38.75,1200.0
38.75,1201.0
38.75,1202.0
38.75,1203.0
38.75,1204.0
38.687,1205.0
38.687,1206.0
38.687,1207.0
38.687,1208.0
38.625,1209.0
38.5,1210.0
38.625,1211.0
38.625,1212.0
38.625,1213.0
38.562,1214.0
38.562,1215.0
38.562,1216.0
38.562,1217.0
38.5,1218.0
38.5,1219.0
38.5,1220.0
38.375,1221.0
38.5,1222.0
38.437,1223.0
38.437,1224.0
38.437,1225.0
38.375,1226.0
38.437,1227.0
38.437,1228.0
38.375,1229.0
38.375,1230.0
38.375,1231.0
38.312,1232.0
38.375,1233.0
38.312,1234.0
38.312,1235.0
38.312,1236.0
38.312,1237.0
38.187,1238.0
38.25,1239.0
38.25,1240.0
38.25,1241.0
38.187,1242.0
38.125,1243.0
38.187,1244.0
38.187,1245.0
38.187,1246.0
38.187,1247.0
38.187,1248.0
38.062,1249.0
38.125,1250.0
38.062,1251.0
38.125,1252.0
38.125,1253.0
38.062,1254.0
38.062,1255.0
38.062,1256.0
38.062,1257.0
38.062,1258.0
38.0,1259.0
37.937,1260.0
38.0,1261.0
38.0,1262.0
38.0,1263.0
37.937,1264.0
38.0,1265.0
37.937,1266.0
37.937,1267.0
37.937,1268.0
37.937,1269.0
37.875,1270.0
37.812,1271.0
37.875,1272.0
37.812,1273.0
37.812,1274.0
37.812,1275.0
37.812,1276.0
37.812,1277.0
37.812,1278.0
37.812,1279.0
37.75,1280.0
37.75,1281.0
37.75,1282.0
37.75,1283.0
37.75,1284.0
37.687,1285.0
37.687,1286.0
37.687,1287.0
37.687,1288.0
37.687,1289.0
37.687,1290.0
37.625,1291.0
37.625,1292.0
37.562,1293.0
37.625,1294.0
37.625,1295.0
37.625,1296.0
37.562,1297.0
37.562,1298.0
37.562,1299.0
37.562,1300.0
37.562,1301.0
37.562,1302.0
37.5,1303.0
37.562,1304.0
37.562,1305.0
37.5,1306.0
37.5,1307.0
37.5,1308.0
37.437,1309.0
37.375,1310.0
37.437,1311.0
37.437,1312.0
37.437,1313.0
37.375,1314.0
37.375,1315.0
37.375,1316.0
37.375,1317.0
37.375,1318.0
37.375,1319.0
37.312,1320.0
37.25,1321.0
37.312,1322.0
37.312,1323.0
37.25,1324.0
37.25,1325.0
37.187,1326.0
37.187,1327.0
37.187,1328.0
37.187,1329.0
37.187,1330.0
37.125,1331.0
37.062,1332.0
37.125,1333.0
37.125,1334.0
37.062,1335.0
37.062,1336.0
37.062,1337.0
37.062,1338.0
37.0,1339.0
37.0,1340.0
37.0,1341.0
37.0,1342.0
36.937,1343.0
36.937,1344.0
36.937,1345.0
36.937,1346.0
36.937,1347.0
36.875,1348.0
36.937,1349.0
36.937,1350.0
36.875,1351.0
36.937,1352.0
36.875,1353.0
36.812,1354.0
36.875,1355.0
36.875,1356.0
36.875,1357.0
36.812,1358.0
36.812,1359.0
36.75,1360.0
36.812,1361.0
36.812,1362.0
36.75,1363.0
36.75,1364.0
36.75,1365.0
36.75,1366.0
36.75,1367.0
36.75,1368.0
36.687,1369.0
36.687,1370.0
36.625,1371.0
36.687,1372.0
36.687,1373.0
36.687,1374.0
36.625,1375.0
36.625,1376.0
36.625,1377.0
36.625,1378.0
36.625,1379.0
36.562,1380.0
36.562,1381.0
36.5,1382.0
36.5,1383.0
36.5,1384.0
36.5,1385.0
36.5,1386.0
36.5,1387.0
36.5,1388.0
36.5,1389.0
36.437,1390.0
36.5,1391.0
36.437,1392.0
36.375,1393.0
36.437,1394.0
36.375,1395.0
36.375,1396.0
36.375,1397.0
36.375,1398.0
36.375,1399.0
36.375,1400.0
36.312,1401.0
36.375,1402.0
36.312,1403.0
36.312,1404.0
36.312,1405.0
36.312,1406.0
36.312,1407.0
36.25,1408.0
36.312,1409.0
36.187,1410.0
36.25,1411.0
36.25,1412.0
36.25,1413.0
36.187,1414.0
36.25,1415.0
36.187,1416.0
36.187,1417.0
36.187,1418.0
36.187,1419.0
36.187,1420.0
36.125,1421.0
36.125,1422.0
36.125,1423.0
36.125,1424.0
36.125,1425.0
36.125,1426.0
36.062,1427.0
36.062,1428.0
36.062,1429.0
36.062,1430.0
36.062,1431.0
35.937,1432.0
36.0,1433.0
36.0,1434.0
36.0,1435.0
36.0,1436.0
36.0,1437.0
35.937,1438.0
35.937,1439.0
35.937,1440.0
35.937,1441.0
35.937,1442.0
35.875,1443.0
35.875,1444.0
35.875,1445.0
35.875,1446.0
35.875,1447.0
35.875,1448.0
35.75,1449.0
35.812,1450.0
35.812,1451.0
35.812,1452.0
35.75,1453.0
35.75,1454.0
35.75,1455.0
35.75,1456.0
35.687,1457.0
35.687,1458.0
35.687,1459.0
35.687,1460.0
35.687,1461.0
35.625,1462.0
35.687,1463.0
35.625,1464.0
35.625,1465.0
35.625,1466.0
35.625,1467.0
35.562,1468.0
35.625,1469.0
35.562,1470.0
35.5,1471.0
35.562,1472.0
35.562,1473.0
35.562,1474.0
35.5,1475.0
35.5,1476.0
35.5,1477.0
35.5,1478.0
35.5,1479.0
35.437,1480.0
35.5,1481.0
35.375,1482.0
35.437,1483.0
35.437,1484.0
35.437,1485.0
35.437,1486.0
35.437,1487.0
35.437,1488.0
35.437,1489.0
35.437,1490.0
35.375,1491.0
35.375,1492.0
35.312,1493.0
35.375,1494.0
35.375,1495.0
35.312,1496.0
35.312,1497.0
35.312,1498.0
35.312,1499.0
35.312,1500.0
35.25,1501.0
35.312,1502.0
35.25,1503.0
35.187,1504.0
35.25,1505.0
35.25,1506.0
35.25,1507.0
35.187,1508.0
35.187,1509.0
35.187,1510.0
35.187,1511.0
35.187,1512.0
35.125,1513.0
35.187,1514.0
35.062,1515.0
35.125,1516.0
35.125,1517.0
35.125,1518.0
35.062,1519.0
35.125,1520.0
35.062,1521.0
35.062,1522.0
35.062,1523.0
35.062,1524.0
35.062,1525.0
35.062,1526.0
35.0,1527.0
35.062,1528.0
35.0,1529.0
35.0,1530.0
35.0,1531.0
34.875,1532.0
34.937,1533.0
35.0,1534.0
34.937,1535.0
34.937,1536.0
34.937,1537.0
34.875,1538.0
34.875,1539.0
34.937,1540.0
34.875,1541.0
34.875,1542.0
34.875,1543.0
34.875,1544.0
34.812,1545.0
34.875,1546.0
34.812,1547.0
34.812,1548.0
34.812,1549.0
34.812,1550.0
34.812,1551.0
34.812,1552.0
34.812,1553.0
34.75,1554.0
34.812,1555.0
34.75,1556.0
34.75,1557.0
34.75,1558.0
34.75,1559.0
34.75,1560.0
34.75,1561.0
34.75,1562.0
34.75,1563.0
34.75,1564.0
34.625,1565.0
34.687,1566.0
34.75,1567.0
34.687,1568.0
34.687,1569.0
34.687,1570.0
34.687,1571.0
34.625,1572.0
34.625,1573.0
34.625,1574.0
34.625,1575.0
34.625,1576.0
34.625,1577.0
34.562,1578.0
34.562,1579.0
34.562,1580.0
34.562,1581.0
34.437,1582.0
34.562,1583.0
34.5,1584.0
34.5,1585.0
34.5,1586.0
34.5,1587.0
34.5,1588.0
34.5,1589.0
34.5,1590.0
34.437,1591.0
34.437,1592.0
34.375,1593.0
34.375,1594.0
34.437,1595.0
34.375,1596.0
34.437,1597.0
34.375,1598.0
34.375,1599.0
34.375,1600.0
34.375,1601.0
34.375,1602.0
34.312,1603.0
34.25,1604.0
34.375,1605.0
34.312,1606.0
34.312,1607.0
34.312,1608.0
34.312,1609.0
34.312,1610.0
34.25,1611.0
34.25,1612.0
34.25,1613.0
34.25,1614.0
34.187,1615.0
34.25,1616.0
34.187,1617.0
34.25,1618.0
34.187,1619.0
34.187,1620.0
34.187,1621.0
34.125,1622.0
34.125,1623.0
34.187,1624.0
34.125,1625.0
34.125,1626.0
34.125,1627.0
34.125,1628.0
34.125,1629.0
34.062,1630.0
34.062,1631.0
34.062,1632.0
34.0,1633.0
34.062,1634.0
34.0,1635.0
34.062,1636.0
34.0,1637.0
34.062,1638.0
34.0,1639.0
34.0,1640.0
34.0,1641.0
33.937,1642.0
33.937,1643.0
33.937,1644.0
34.0,1645.0
33.937,1646.0
33.937,1647.0
33.937,1648.0
33.937,1649.0
33.875,1650.0
33.937,1651.0
33.875,1652.0
33.875,1653.0
33.875,1654.0
33.875,1655.0
33.875,1656.0
33.875,1657.0
33.812,1658.0
33.812,1659.0
33.812,1660.0
33.812,1661.0
33.812,1662.0
33.75,1663.0
33.75,1664.0
33.687,1665.0
33.75,1666.0
33.687,1667.0
33.75,1668.0
33.75,1669.0
33.75,1670.0
33.687,1671.0
33.687,1672.0
33.687,1673.0
33.687,1674.0
33.625,1675.0
33.625,1676.0
33.687,1677.0
33.625,1678.0
33.625,1679.0
33.625,1680.0
33.625,1681.0
33.562,1682.0
33.625,1683.0
33.625,1684.0
33.562,1685.0
33.562,1686.0
33.562,1687.0
33.562,1688.0
33.562,1689.0
33.562,1690.0
33.562,1691.0
33.562,1692.0
33.5,1693.0
33.5,1694.0
33.5,1695.0
33.5,1696.0
33.5,1697.0
33.5,1698.0
33.437,1699.0
33.5,1700.0
33.437,1701.0
33.5,1702.0
33.437,1703.0
33.375,1704.0
33.375,1705.0
33.375,1706.0
33.375,1707.0
33.375,1708.0
33.437,1709.0
33.375,1710.0
33.375,1711.0
33.375,1712.0
33.375,1713.0
33.375,1714.0
33.312,1715.0
33.375,1716.0
33.312,1717.0
33.312,1718.0
33.312,1719.0
33.312,1720.0
33.312,1721.0
33.25,1722.0
33.25,1723.0
33.25,1724.0
33.25,1725.0
33.187,1726.0
33.25,1727.0
33.25,1728.0
33.25,1729.0
33.25,1730.0
33.25,1731.0
33.25,1732.0
33.25,1733.0
33.25,1734.0
33.187,1735.0
33.25,1736.0
33.187,1737.0
33.187,1738.0
33.187,1739.0
33.187,1740.0
33.187,1741.0
33.187,1742.0
33.125,1743.0
33.125,1744.0
33.125,1745.0
33.125,1746.0
33.125,1747.0
33.062,1748.0
33.125,1749.0
33.125,1750.0
33.062,1751.0
33.062,1752.0
33.062,1753.0
33.0,1754.0
33.062,1755.0
33.062,1756.0
33.0,1757.0
33.0,1758.0
33.0,1759.0
33.0,1760.0
33.0,1761.0
32.937,1762.0
32.937,1763.0
33.0,1764.0
32.875,1765.0
32.937,1766.0
32.937,1767.0
32.937,1768.0
32.875,1769.0
32.937,1770.0
32.875,1771.0
32.875,1772.0
32.875,1773.0
32.875,1774.0
32.875,1775.0
32.875,1776.0
32.812,1777.0
32.812,1778.0
32.812,1779.0
32.812,1780.0
32.812,1781.0
32.812,1782.0
32.812,1783.0
32.812,1784.0
32.812,1785.0
32.75,1786.0
32.687,1787.0
32.75,1788.0
32.75,1789.0
32.75,1790.0
32.75,1791.0
32.687,1792.0
32.687,1793.0
32.687,1794.0
32.687,1795.0
32.687,1796.0
32.687,1797.0
32.625,1798.0
32.625,1799.0
32.625,1800.0
32.625,1801.0
32.625,1802.0
32.625,1803.0
32.562,1804.0
32.625,1805.0
32.562,1806.0
32.562,1807.0
32.625,1808.0
32.562,1809.0
32.562,1810.0
32.562,1811.0
32.562,1812.0
32.562,1813.0
32.562,1814.0
32.562,1815.0
32.562,1816.0
32.562,1817.0
32.562,1818.0
32.5,1819.0
32.437,1820.0
32.5,1821.0
32.437,1822.0
32.437,1823.0
32.437,1824.0
32.437,1825.0
32.375,1826.0
32.375,1827.0
32.375,1828.0
32.375,1829.0
32.375,1830.0
32.375,1831.0
32.375,1832.0
32.375,1833.0
32.375,1834.0
32.375,1835.0
32.375,1836.0
32.375,1837.0
32.375,1838.0
32.375,1839.0
32.312,1840.0
32.312,1841.0
32.312,1842.0
32.375,1843.0
32.312,1844.0
32.312,1845.0
32.312,1846.0
32.312,1847.0
32.25,1848.0
32.25,1849.0
32.25,1850.0
32.312,1851.0
32.25,1852.0
32.312,1853.0
32.25,1854.0
32.25,1855.0
32.25,1856.0
32.25,1857.0
32.25,1858.0
32.25,1859.0
32.187,1860.0
32.187,1861.0
32.187,1862.0
32.187,1863.0
32.187,1864.0
32.187,1865.0
32.187,1866.0
32.187,1867.0
32.187,1868.0
32.187,1869.0
32.187,1870.0
32.187,1871.0
32.125,1872.0
32.125,1873.0
32.125,1874.0
32.125,1875.0
32.0,1876.0
32.0,1877.0
32.125,1878.0
32.125,1879.0
32.125,1880.0
32.062,1881.0
32.125,1882.0
32.062,1883.0
32.062,1884.0
32.062,1885.0
32.0,1886.0
32.062,1887.0
32.0,1888.0
32.0,1889.0
32.0,1890.0
32.0,1891.0
32.0,1892.0
31.937,1893.0
31.937,1894.0
31.937,1895.0
31.937,1896.0
31.937,1897.0
31.875,1898.0
31.937,1899.0
31.937,1900.0
31.937,1901.0
31.875,1902.0
31.875,1903.0
31.812,1904.0
31.937,1905.0
31.875,1906.0
31.875,1907.0
31.875,1908.0
31.875,1909.0
31.875,1910.0
31.812,1911.0
31.875,1912.0
31.875,1913.0
31.812,1914.0
31.812,1915.0
31.812,1916.0
31.812,1917.0
31.812,1918.0
31.812,1919.0
31.812,1920.0
31.75,1921.0
31.812,1922.0
31.812,1923.0
31.75,1924.0
31.75,1925.0
31.687,1926.0
31.75,1927.0
31.75,1928.0
31.75,1929.0
31.687,1930.0
31.687,1931.0
31.687,1932.0
31.687,1933.0
31.75,1934.0
31.687,1935.0
31.687,1936.0
31.625,1937.0
31.687,1938.0
31.625,1939.0
31.687,1940.0
31.625,1941.0
31.625,1942.0
31.625,1943.0
31.625,1944.0
31.625,1945.0
31.562,1946.0
31.562,1947.0
31.562,1948.0
31.562,1949.0
31.562,1950.0
31.562,1951.0
31.562,1952.0
31.5,1953.0
31.562,1954.0
31.5,1955.0
31.5,1956.0
31.5,1957.0
31.5,1958.0
31.437,1959.0
31.5,1960.0
31.5,1961.0
31.5,1962.0
31.5,1963.0
31.437,1964.0
31.437,1965.0
31.437,1966.0
31.437,1967.0
31.437,1968.0
31.437,1969.0
31.375,1970.0
31.437,1971.0
31.437,1972.0
31.437,1973.0
31.437,1974.0
31.375,1975.0
31.375,1976.0
31.375,1977.0
31.375,1978.0
31.312,1979.0
31.375,1980.0
31.375,1981.0
31.375,1982.0
31.375,1983.0
31.312,1984.0
31.312,1985.0
31.375,1986.0
31.312,1987.0
31.312,1988.0
31.312,1989.0
31.312,1990.0
31.312,1991.0
31.312,1992.0
31.312,1993.0
31.312,1994.0
31.312,1995.0
31.25,1996.0
31.25,1997.0
31.25,1998.0
31.25,1999.0
31.25,2000.0
31.25,2001.0
31.25,2002.0
31.25,2003.0
31.25,2004.0
31.187,2005.0
31.187,2006.0
31.187,2007.0
31.187,2008.0
31.187,2009.0
31.187,2010.0
31.187,2011.0
31.187,2012.0
31.187,2013.0
31.187,2014.0
31.125,2015.0
31.187,2016.0
31.125,2017.0
31.125,2018.0
31.125,2019.0
31.125,2020.0
31.125,2021.0
31.125,2022.0
31.125,2023.0
31.062,2024.0
31.125,2025.0
31.0,2026.0
31.062,2027.0
31.062,2028.0
31.125,2029.0
31.062,2030.0
31.0,2031.0
31.062,2032.0
31.0,2033.0
31.0,2034.0
31.0,2035.0
31.0,2036.0
30.937,2037.0
31.0,2038.0
31.0,2039.0
31.0,2040.0
31.0,2041.0
30.937,2042.0
30.937,2043.0
30.937,2044.0
31.0,2045.0
30.937,2046.0
30.937,2047.0
30.875,2048.0
30.937,2049.0
30.937,2050.0
30.937,2051.0
30.937,2052.0
30.875,2053.0
30.937,2054.0
30.875,2055.0
30.875,2056.0
30.875,2057.0
30.875,2058.0
30.812,2059.0
30.875,2060.0
30.875,2061.0
30.875,2062.0
30.875,2063.0
30.875,2064.0
30.812,2065.0
30.812,2066.0
30.812,2067.0
30.812,2068.0
30.812,2069.0
30.75,2070.0
30.812,2071.0
30.812,2072.0
30.812,2073.0
30.812,2074.0
30.812,2075.0
30.687,2076.0
30.812,2077.0
30.75,2078.0
30.812,2079.0
30.812,2080.0
30.75,2081.0
30.75,2082.0
30.75,2083.0
30.75,2084.0
30.687,2085.0
30.75,2086.0
30.687,2087.0
30.687,2088.0
30.687,2089.0
30.687,2090.0
30.687,2091.0
30.687,2092.0
30.687,2093.0
30.625,2094.0
30.687,2095.0
30.687,2096.0
30.687,2097.0
30.562,2098.0
30.625,2099.0
30.625,2100.0
30.625,2101.0
30.562,2102.0
30.562,2103.0
30.562,2104.0
30.562,2105.0
30.562,2106.0
30.5,2107.0
30.562,2108.0
30.5,2109.0
30.5,2110.0
30.5,2111.0
30.5,2112.0
30.562,2113.0
30.5,2114.0
30.562,2115.0
30.562,2116.0
30.5,2117.0
30.5,2118.0
30.5,2119.0
30.437,2120.0
30.5,2121.0
30.437,2122.0
30.5,2123.0
30.437,2124.0
30.437,2125.0
30.375,2126.0
30.437,2127.0
30.437,2128.0
30.437,2129.0
30.437,2130.0
30.375,2131.0
30.375,2132.0
30.375,2133.0
30.437,2134.0
30.375,2135.0
30.375,2136.0
30.312,2137.0
30.375,2138.0
30.375,2139.0
30.375,2140.0
30.375,2141.0
30.375,2142.0
30.312,2143.0
30.375,2144.0
30.375,2145.0
30.312,2146.0
30.312,2147.0
30.312,2148.0
30.312,2149.0
30.312,2150.0
30.312,2151.0
30.312,2152.0
30.25,2153.0
30.25,2154.0
30.312,2155.0
30.25,2156.0
30.25,2157.0
30.25,2158.0
30.25,2159.0
30.25,2160.0
30.187,2161.0
30.25,2162.0
30.187,2163.0
30.187,2164.0
30.187,2165.0
30.187,2166.0
30.187,2167.0
30.187,2168.0
30.187,2169.0
30.125,2170.0
30.125,2171.0
30.125,2172.0
30.187,2173.0
30.125,2174.0
30.187,2175.0
30.125,2176.0
30.062,2177.0
30.125,2178.0
30.125,2179.0
30.125,2180.0
30.125,2181.0
30.062,2182.0
30.062,2183.0
30.125,2184.0
30.125,2185.0
30.062,2186.0
30.062,2187.0
30.062,2188.0
30.062,2189.0
30.062,2190.0
30.062,2191.0
30.062,2192.0
30.062,2193.0
30.062,2194.0
30.062,2195.0
30.0,2196.0
30.0,2197.0
30.0,2198.0
30.0,2199.0
30.0,2200.0
30.0,2201.0
30.0,2202.0
30.0,2203.0
30.0,2204.0
30.0,2205.0
30.0,2206.0
29.937,2207.0
30.0,2208.0
29.875,2209.0
29.937,2210.0
29.937,2211.0
29.937,2212.0
29.937,2213.0
29.875,2214.0
29.875,2215.0
29.875,2216.0
29.875,2217.0
29.875,2218.0
29.875,2219.0
29.812,2220.0
29.875,2221.0
29.875,2222.0
29.875,2223.0
29.875,2224.0
29.812,2225.0
29.812,2226.0
29.812,2227.0
29.812,2228.0
29.812,2229.0
29.812,2230.0
29.812,2231.0
29.812,2232.0
29.812,2233.0
29.812,2234.0
29.812,2235.0
29.812,2236.0
29.812,2237.0
29.812,2238.0
29.75,2239.0
29.812,2240.0
29.812,2241.0
29.812,2242.0
29.812,2243.0
29.75,2244.0
29.75,2245.0
29.75,2246.0
29.75,2247.0
29.687,2248.0
29.75,2249.0
29.75,2250.0
29.75,2251.0
29.75,2252.0
29.687,2253.0
29.687,2254.0
29.687,2255.0
29.687,2256.0
29.687,2257.0
29.687,2258.0
29.687,2259.0
29.687,2260.0
29.687,2261.0
29.687,2262.0
29.687,2263.0
29.687,2264.0
29.625,2265.0
29.625,2266.0
29.687,2267.0
29.625,2268.0
29.625,2269.0
29.562,2270.0
29.625,2271.0
29.625,2272.0
29.625,2273.0
29.625,2274.0
29.625,2275.0
29.625,2276.0
29.625,2277.0
29.562,2278.0
29.625,2279.0
29.562,2280.0
29.562,2281.0
29.562,2282.0
29.625,2283.0
29.562,2284.0
29.562,2285.0
29.562,2286.0
29.562,2287.0
29.562,2288.0
29.562,2289.0
29.5,2290.0
29.5,2291.0
29.562,2292.0
29.5,2293.0
29.5,2294.0
29.5,2295.0
29.5,2296.0
29.5,2297.0
29.437,2298.0
29.5,2299.0
29.437,2300.0
29.5,2301.0
29.437,2302.0
29.5,2303.0
29.5,2304.0
29.437,2305.0
29.437,2306.0
29.437,2307.0
29.437,2308.0
29.437,2309.0
29.437,2310.0
29.437,2311.0
29.437,2312.0
29.437,2313.0
29.437,2314.0
29.375,2315.0
29.437,2316.0
29.375,2317.0
29.375,2318.0
29.375,2319.0
29.375,2320.0
29.375,2321.0
29.375,2322.0
29.375,2323.0
29.312,2324.0
29.375,2325.0
29.312,2326.0
29.375,2327.0
29.312,2328.0
29.312,2329.0
29.375,2330.0
29.312,2331.0
29.312,2332.0
29.312,2333.0
29.312,2334.0
29.312,2335.0
29.312,2336.0
29.312,2337.0
29.312,2338.0
29.312,2339.0
29.312,2340.0
29.312,2341.0
29.25,2342.0
29.25,2343.0
29.25,2344.0
29.25,2345.0
29.25,2346.0
29.25,2347.0
29.187,2348.0
29.187,2349.0
29.187,2350.0
29.187,2351.0
29.187,2352.0
29.25,2353.0
29.187,2354.0
29.187,2355.0
29.187,2356.0
29.187,2357.0
29.187,2358.0
29.125,2359.0
29.125,2360.0
29.125,2361.0
29.125,2362.0
29.125,2363.0
29.125,2364.0
29.125,2365.0
29.125,2366.0
29.125,2367.0
29.125,2368.0
29.125,2369.0
29.062,2370.0
29.062,2371.0
29.062,2372.0
29.062,2373.0
29.062,2374.0
29.062,2375.0
29.062,2376.0
29.062,2377.0
29.062,2378.0
29.062,2379.0
29.062,2380.0
29.0,2381.0
29.062,2382.0
29.062,2383.0
29.062,2384.0
29.062,2385.0
29.062,2386.0
29.0,2387.0
29.062,2388.0
29.0,2389.0
29.0,2390.0
29.0,2391.0
29.0,2392.0
29.0,2393.0
29.0,2394.0
29.0,2395.0
29.0,2396.0
29.0,2397.0
28.937,2398.0
28.937,2399.0
28.937,2400.0
28.937,2401.0
28.937,2402.0
28.937,2403.0
28.937,2404.0
28.937,2405.0
28.937,2406.0
28.937,2407.0
28.937,2408.0
28.875,2409.0
28.937,2410.0
28.875,2411.0
28.937,2412.0
28.875,2413.0
28.875,2414.0
28.875,2415.0
28.875,2416.0
28.875,2417.0
28.875,2418.0
28.875,2419.0
28.812,2420.0
28.875,2421.0
28.875,2422.0
28.875,2423.0
28.812,2424.0
28.875,2425.0
28.812,2426.0
28.812,2427.0
28.875,2428.0
28.812,2429.0
28.875,2430.0
28.812,2431.0
28.875,2432.0
28.812,2433.0
28.812,2434.0
28.812,2435.0
28.812,2436.0
28.812,2437.0
28.812,2438.0
28.75,2439.0
28.75,2440.0
28.812,2441.0
28.812,2442.0
28.75,2443.0
28.812,2444.0
28.75,2445.0
28.75,2446.0
28.75,2447.0
28.687,2448.0
28.75,2449.0
28.75,2450.0
28.75,2451.0
28.687,2452.0
28.687,2453.0
28.75,2454.0
28.687,2455.0
28.687,2456.0
28.75,2457.0
28.687,2458.0
28.687,2459.0
28.687,2460.0
28.687,2461.0
28.687,2462.0
28.687,2463.0
28.687,2464.0
28.687,2465.0
28.625,2466.0
28.625,2467.0
28.625,2468.0
28.687,2469.0
28.562,2470.0
28.625,2471.0
28.625,2472.0
28.625,2473.0
28.625,2474.0
28.625,2475.0
28.625,2476.0
28.625,2477.0
28.625,2478.0
28.625,2479.0
28.625,2480.0
28.625,2481.0
28.562,2482.0
28.625,2483.0
28.562,2484.0
28.562,2485.0
28.562,2486.0
28.562,2487.0
28.562,2488.0
28.5,2489.0
28.5,2490.0
28.562,2491.0
28.562,2492.0
28.562,2493.0
28.562,2494.0
28.5,2495.0
28.5,2496.0
28.5,2497.0
28.437,2498.0
28.5,2499.0
28.5,2500.0
28.437,2501.0
28.5,2502.0
28.5,2503.0
28.437,2504.0
28.5,2505.0
28.5,2506.0
28.5,2507.0
28.5,2508.0
28.437,2509.0
28.437,2510.0
28.437,2511.0
28.437,2512.0
28.437,2513.0
28.437,2514.0
28.437,2515.0
28.375,2516.0
28.375,2517.0
28.375,2518.0
28.375,2519.0
28.312,2520.0
28.312,2521.0
28.375,2522.0
28.312,2523.0
28.312,2524.0
28.312,2525.0
28.312,2526.0
28.375,2527.0
28.312,2528.0
28.312,2529.0
28.312,2530.0
28.312,2531.0
28.312,2532.0
28.25,2533.0
28.25,2534.0
28.312,2535.0
28.312,2536.0
28.25,2537.0
28.312,2538.0
28.25,2539.0
28.25,2540.0
28.25,2541.0
28.25,2542.0
28.25,2543.0
28.312,2544.0
28.312,2545.0
28.25,2546.0
28.25,2547.0
28.187,2548.0
28.25,2549.0
28.25,2550.0
28.25,2551.0
28.25,2552.0
28.25,2553.0
28.25,2554.0
28.25,2555.0
28.187,2556.0
28.187,2557.0
28.187,2558.0
28.125,2559.0
28.187,2560.0
28.187,2561.0
28.187,2562.0
28.187,2563.0
28.187,2564.0
28.187,2565.0
28.125,2566.0
28.187,2567.0
28.187,2568.0
28.187,2569.0
28.125,2570.0
28.125,2571.0
28.125,2572.0
28.187,2573.0
28.125,2574.0
28.187,2575.0
28.125,2576.0
28.187,2577.0
28.125,2578.0
28.125,2579.0
28.125,2580.0
28.125,2581.0
28.125,2582.0
28.125,2583.0
28.125,2584.0
28.125,2585.0
28.125,2586.0
28.062,2587.0
28.125,2588.0
28.125,2589.0
28.062,2590.0
28.125,2591.0
28.062,2592.0
28.062,2593.0
28.062,2594.0
28.062,2595.0
28.062,2596.0
28.062,2597.0
27.937,2598.0
28.0,2599.0
28.062,2600.0
28.0,2601.0
28.0,2602.0
28.0,2603.0
28.0,2604.0
28.0,2605.0
28.0,2606.0
28.0,2607.0
28.0,2608.0
27.937,2609.0
28.0,2610.0
28.0,2611.0
28.0,2612.0
28.0,2613.0
28.0,2614.0
27.937,2615.0
28.0,2616.0
27.937,2617.0
27.937,2618.0
27.937,2619.0
27.875,2620.0
27.937,2621.0
27.937,2622.0
27.937,2623.0
27.937,2624.0
27.937,2625.0
27.937,2626.0
27.875,2627.0
27.937,2628.0
27.875,2629.0
27.937,2630.0
27.875,2631.0
27.875,2632.0
27.875,2633.0
27.875,2634.0
27.875,2635.0
27.937,2636.0
27.812,2637.0
27.875,2638.0
27.875,2639.0
27.875,2640.0
27.875,2641.0
27.875,2642.0
27.875,2643.0
27.875,2644.0
27.875,2645.0
27.875,2646.0
27.875,2647.0
27.812,2648.0
27.812,2649.0
27.812,2650.0
27.812,2651.0
27.812,2652.0
27.812,2653.0
27.812,2654.0
27.812,2655.0
27.812,2656.0
27.812,2657.0
27.812,2658.0
27.75,2659.0
27.812,2660.0
27.812,2661.0
27.812,2662.0
27.75,2663.0
27.812,2664.0
27.75,2665.0
27.812,2666.0
27.812,2667.0
27.812,2668.0
27.75,2669.0
27.687,2670.0
27.75,2671.0
27.75,2672.0
27.75,2673.0
27.75,2674.0
27.75,2675.0
27.75,2676.0
27.75,2677.0
27.687,2678.0
27.687,2679.0
27.687,2680.0
27.687,2681.0
27.687,2682.0
27.687,2683.0
27.687,2684.0
27.687,2685.0
27.687,2686.0
27.625,2687.0
27.687,2688.0
27.687,2689.0
27.75,2690.0
27.625,2691.0
27.687,2692.0
27.687,2693.0
27.687,2694.0
27.687,2695.0
27.687,2696.0
27.625,2697.0
27.625,2698.0
27.625,2699.0
27.625,2700.0
27.625,2701.0
27.625,2702.0
27.625,2703.0
27.625,2704.0
27.625,2705.0
27.625,2706.0
27.625,2707.0
27.625,2708.0
27.625,2709.0
27.562,2710.0
27.562,2711.0
27.625,2712.0
27.625,2713.0
27.562,2714.0
27.562,2715.0
27.562,2716.0
27.562,2717.0
27.562,2718.0
27.562,2719.0
27.562,2720.0
27.562,2721.0
27.562,2722.0
27.562,2723.0
27.562,2724.0
27.5,2725.0
27.562,2726.0
27.562,2727.0
27.562,2728.0
27.5,2729.0
27.562,2730.0
27.437,2731.0
27.562,2732.0
27.562,2733.0
27.5,2734.0
27.5,2735.0
27.5,2736.0
27.437,2737.0
27.5,2738.0
27.5,2739.0
27.5,2740.0
27.5,2741.0
27.5,2742.0
27.5,2743.0
27.5,2744.0
27.437,2745.0
27.5,2746.0
27.437,2747.0
27.437,2748.0
27.437,2749.0
27.437,2750.0
27.5,2751.0
27.437,2752.0
27.437,2753.0
27.5,2754.0
27.437,2755.0
27.437,2756.0
27.437,2757.0
27.437,2758.0
27.437,2759.0
27.437,2760.0
27.375,2761.0
27.375,2762.0
27.375,2763.0
27.375,2764.0
27.375,2765.0
27.375,2766.0
27.375,2767.0
27.375,2768.0
27.375,2769.0
27.312,2770.0
27.375,2771.0
27.375,2772.0
27.375,2773.0
27.375,2774.0
27.375,2775.0
27.375,2776.0
27.375,2777.0
27.375,2778.0
27.312,2779.0
27.375,2780.0
27.312,2781.0
27.375,2782.0
27.375,2783.0
27.312,2784.0
27.375,2785.0
27.312,2786.0
27.312,2787.0
27.312,2788.0
27.312,2789.0
27.312,2790.0
27.312,2791.0
27.312,2792.0
27.312,2793.0
27.312,2794.0
27.25,2795.0
27.25,2796.0
27.25,2797.0
27.25,2798.0
27.25,2799.0
27.25,2800.0
27.25,2801.0
27.25,2802.0
27.187,2803.0
27.187,2804.0
27.25,2805.0
27.187,2806.0
27.25,2807.0
27.187,2808.0
27.125,2809.0
27.25,2810.0
27.25,2811.0
27.187,2812.0
27.187,2813.0
27.187,2814.0
27.187,2815.0
27.187,2816.0
27.187,2817.0
27.187,2818.0
27.187,2819.0
27.187,2820.0
27.187,2821.0
27.125,2822.0
27.187,2823.0
27.187,2824.0
27.187,2825.0
27.187,2826.0
27.125,2827.0
27.187,2828.0
27.187,2829.0
27.125,2830.0
27.187,2831.0
27.187,2832.0
27.125,2833.0
27.125,2834.0
27.125,2835.0
27.125,2836.0
27.062,2837.0
27.125,2838.0
27.062,2839.0
27.125,2840.0
27.125,2841.0
27.062,2842.0
27.062,2843.0
27.125,2844.0
27.062,2845.0
27.125,2846.0
27.062,2847.0
27.062,2848.0
27.125,2849.0
27.125,2850.0
27.125,2851.0
27.125,2852.0
27.062,2853.0
27.125,2854.0
27.062,2855.0
27.062,2856.0
27.062,2857.0
27.0,2858.0
27.062,2859.0
27.062,2860.0
27.062,2861.0
27.062,2862.0
27.062,2863.0
27.062,2864.0
27.062,2865.0
27.0,2866.0
27.062,2867.0
27.0,2868.0
27.062,2869.0
27.0,2870.0
27.0,2871.0
27.0,2872.0
27.0,2873.0
27.0,2874.0
27.0,2875.0
27.0,2876.0
27.0,2877.0
27.0,2878.0
27.0,2879.0
27.0,2880.0
26.937,2881.0
26.937,2882.0
27.0,2883.0
27.0,2884.0
27.0,2885.0
27.0,2886.0
27.0,2887.0
26.937,2888.0
26.937,2889.0
27.0,2890.0
26.937,2891.0
26.937,2892.0
26.937,2893.0
26.937,2894.0
26.937,2895.0
26.937,2896.0
26.875,2897.0
26.937,2898.0
26.937,2899.0
26.937,2900.0
26.937,2901.0
26.937,2902.0
26.937,2903.0
26.875,2904.0
26.937,2905.0
26.937,2906.0
26.937,2907.0
26.875,2908.0
26.875,2909.0
26.937,2910.0
26.875,2911.0
26.875,2912.0
26.875,2913.0
26.875,2914.0
26.875,2915.0
26.875,2916.0
26.875,2917.0
26.875,2918.0
26.875,2919.0
26.812,2920.0
26.812,2921.0
26.812,2922.0
26.812,2923.0
26.875,2924.0
26.812,2925.0
26.812,2926.0
26.812,2927.0
26.812,2928.0
26.75,2929.0
26.812,2930.0
26.687,2931.0
26.812,2932.0
26.75,2933.0
26.75,2934.0
26.812,2935.0
26.75,2936.0
26.75,2937.0
26.812,2938.0
26.75,2939.0
26.75,2940.0
26.75,2941.0
26.75,2942.0
26.812,2943.0
26.75,2944.0
26.75,2945.0
26.75,2946.0
26.75,2947.0
26.75,2948.0
26.75,2949.0
26.75,2950.0
26.75,2951.0
26.75,2952.0
26.687,2953.0
26.687,2954.0
26.687,2955.0
26.687,2956.0
26.687,2957.0
26.687,2958.0
26.625,2959.0
26.687,2960.0
26.687,2961.0
26.625,2962.0
26.687,2963.0
26.687,2964.0
26.687,2965.0
26.625,2966.0
26.625,2967.0
26.687,2968.0
26.625,2969.0
26.625,2970.0
26.625,2971.0
26.625,2972.0
26.625,2973.0
26.625,2974.0
26.625,2975.0
26.562,2976.0
26.562,2977.0
26.562,2978.0
26.625,2979.0
26.562,2980.0
26.5,2981.0
26.562,2982.0
26.625,2983.0
26.625,2984.0
26.562,2985.0
26.562,2986.0
26.562,2987.0
26.562,2988.0
26.562,2989.0
26.562,2990.0
26.625,2991.0
26.5,2992.0
26.562,2993.0
26.562,2994.0
26.562,2995.0
26.562,2996.0
26.562,2997.0
26.562,2998.0
26.562,2999.0
26.562,3000.0
26.562,3001.0
26.562,3002.0
26.562,3003.0
26.562,3004.0
26.562,3005.0
26.562,3006.0
26.562,3007.0
26.5,3008.0
26.5,3009.0
26.562,3010.0
26.562,3011.0
26.562,3012.0
26.562,3013.0
26.5,3014.0
26.5,3015.0
26.5,3016.0
26.5,3017.0
26.5,3018.0
26.5,3019.0
26.5,3020.0
26.5,3021.0
26.5,3022.0
26.5,3023.0
26.5,3024.0
26.5,3025.0
26.5,3026.0
26.5,3027.0
26.5,3028.0
26.562,3029.0
26.5,3030.0
26.437,3031.0
26.5,3032.0
26.5,3033.0
26.5,3034.0
26.437,3035.0
26.5,3036.0
26.437,3037.0
26.5,3038.0
26.437,3039.0
26.5,3040.0
26.5,3041.0
26.5,3042.0
26.437,3043.0
26.437,3044.0
26.437,3045.0
26.437,3046.0
26.437,3047.0
26.375,3048.0
26.437,3049.0
26.437,3050.0
26.437,3051.0
26.437,3052.0
26.437,3053.0
26.437,3054.0
26.437,3055.0
26.437,3056.0
26.437,3057.0
26.437,3058.0
26.375,3059.0
26.437,3060.0
26.437,3061.0
26.375,3062.0
26.437,3063.0
26.437,3064.0
26.437,3065.0
26.437,3066.0
26.437,3067.0
26.375,3068.0
26.437,3069.0
26.375,3070.0
26.437,3071.0
26.375,3072.0
26.375,3073.0
26.375,3074.0
26.375,3075.0
26.375,3076.0
26.375,3077.0
26.375,3078.0
26.375,3079.0
26.375,3080.0
26.375,3081.0
26.375,3082.0
26.375,3083.0
26.375,3084.0
26.375,3085.0
26.312,3086.0
26.312,3087.0
26.375,3088.0
26.312,3089.0
26.312,3090.0
26.375,3091.0
26.375,3092.0
26.312,3093.0
26.312,3094.0
26.312,3095.0
26.312,3096.0
26.312,3097.0
26.25,3098.0
26.312,3099.0
26.312,3100.0
26.312,3101.0
26.312,3102.0
26.312,3103.0
26.312,3104.0
26.312,3105.0
26.312,3106.0
26.25,3107.0
26.312,3108.0
26.25,3109.0
26.25,3110.0
26.25,3111.0
26.25,3112.0
26.25,3113.0
26.25,3114.0
26.25,3115.0
26.25,3116.0
26.25,3117.0
26.25,3118.0
26.25,3119.0
26.187,3120.0
26.25,3121.0
26.25,3122.0
26.187,3123.0
26.25,3124.0
26.25,3125.0
26.25,3126.0
26.25,3127.0
26.25,3128.0
26.187,3129.0
26.25,3130.0
26.187,3131.0
26.187,3132.0
26.187,3133.0
26.187,3134.0
26.187,3135.0
26.187,3136.0
26.187,3137.0
26.187,3138.0
26.187,3139.0
26.187,3140.0
26.187,3141.0
26.187,3142.0
26.187,3143.0
26.187,3144.0
26.125,3145.0
26.187,3146.0
26.187,3147.0
26.125,3148.0
26.187,3149.0
26.187,3150.0
26.125,3151.0
26.187,3152.0
26.125,3153.0
26.125,3154.0
26.187,3155.0
26.125,3156.0
26.125,3157.0
26.125,3158.0
26.125,3159.0
26.125,3160.0
26.125,3161.0
26.187,3162.0
26.125,3163.0
26.125,3164.0
26.062,3165.0
26.125,3166.0
26.125,3167.0
26.125,3168.0
26.125,3169.0
26.062,3170.0
26.125,3171.0
26.125,3172.0
26.062,3173.0
26.062,3174.0
26.062,3175.0
26.0,3176.0
26.062,3177.0
26.062,3178.0
26.062,3179.0
26.062,3180.0
26.062,3181.0
26.062,3182.0
26.062,3183.0
26.062,3184.0
26.062,3185.0
26.062,3186.0
26.0,3187.0
26.062,3188.0
26.062,3189.0
26.0,3190.0
26.0,3191.0
26.0,3192.0
26.0,3193.0
26.0,3194.0
26.0,3195.0
26.0,3196.0
26.0,3197.0
25.937,3198.0
26.0,3199.0
26.0,3200.0
25.937,3201.0
26.0,3202.0
26.0,3203.0
26.0,3204.0
25.937,3205.0
25.937,3206.0
25.937,3207.0
25.937,3208.0
25.937,3209.0
25.937,3210.0
25.937,3211.0
26.0,3212.0
25.937,3213.0
25.937,3214.0
25.937,3215.0
25.937,3216.0
25.937,3217.0
25.937,3218.0
25.937,3219.0
25.875,3220.0
25.937,3221.0
25.937,3222.0
25.937,3223.0
25.937,3224.0
25.875,3225.0
25.875,3226.0
25.937,3227.0
25.937,3228.0
25.875,3229.0
25.875,3230.0
25.875,3231.0
25.875,3232.0
25.875,3233.0
25.875,3234.0
25.875,3235.0
25.875,3236.0
25.875,3237.0
25.875,3238.0
25.875,3239.0
25.875,3240.0
25.875,3241.0
25.812,3242.0
25.875,3243.0
25.875,3244.0
25.875,3245.0
25.875,3246.0
25.875,3247.0
25.75,3248.0
25.812,3249.0
25.812,3250.0
25.812,3251.0
25.812,3252.0
25.812,3253.0
25.812,3254.0
25.812,3255.0
25.812,3256.0
25.812,3257.0
25.812,3258.0
25.75,3259.0
25.812,3260.0
25.75,3261.0
25.812,3262.0
25.812,3263.0
25.812,3264.0
25.75,3265.0
25.75,3266.0
25.75,3267.0
25.812,3268.0
25.812,3269.0
25.687,3270.0
25.75,3271.0
25.812,3272.0
25.75,3273.0
25.812,3274.0
25.75,3275.0
25.75,3276.0
25.75,3277.0
25.75,3278.0
25.75,3279.0
25.75,3280.0
25.687,3281.0
25.75,3282.0
25.75,3283.0
25.75,3284.0
25.75,3285.0
25.75,3286.0
25.75,3287.0
25.75,3288.0
25.75,3289.0
25.75,3290.0
25.687,3291.0
25.75,3292.0
25.75,3293.0
25.687,3294.0
25.687,3295.0
25.75,3296.0
25.75,3297.0
25.687,3298.0
25.687,3299.0
25.687,3300.0
25.687,3301.0
25.687,3302.0
25.687,3303.0
25.687,3304.0
25.687,3305.0
25.687,3306.0
25.687,3307.0
25.687,3308.0
25.687,3309.0
25.687,3310.0
25.687,3311.0
25.625,3312.0
25.625,3313.0
25.687,3314.0
25.687,3315.0
25.687,3316.0
25.687,3317.0
25.625,3318.0
25.687,3319.0
25.625,3320.0
25.687,3321.0
25.625,3322.0
25.625,3323.0
25.625,3324.0
25.625,3325.0
25.687,3326.0
25.625,3327.0
25.625,3328.0
25.625,3329.0
25.625,3330.0
25.625,3331.0
25.625,3332.0
25.625,3333.0
25.625,3334.0
25.625,3335.0
25.625,3336.0
25.625,3337.0
25.625,3338.0
25.625,3339.0
25.562,3340.0
25.625,3341.0
25.562,3342.0
25.625,3343.0
25.625,3344.0
25.562,3345.0
25.562,3346.0
25.562,3347.0
25.562,3348.0
25.562,3349.0
25.562,3350.0
25.562,3351.0
25.562,3352.0
25.562,3353.0
25.562,3354.0
25.562,3355.0
25.562,3356.0
25.562,3357.0
25.562,3358.0
25.437,3359.0
25.562,3360.0
25.562,3361.0
25.562,3362.0
25.562,3363.0
25.562,3364.0
25.5,3365.0
25.562,3366.0
25.562,3367.0
25.562,3368.0
25.562,3369.0
25.5,3370.0
25.5,3371.0
25.5,3372.0
25.5,3373.0
25.5,3374.0
25.5,3375.0
25.5,3376.0
25.5,3377.0
25.5,3378.0
25.5,3379.0
25.5,3380.0
25.437,3381.0
25.5,3382.0
25.5,3383.0
25.5,3384.0
25.5,3385.0
25.5,3386.0
25.437,3387.0
25.5,3388.0
25.437,3389.0
25.437,3390.0
25.5,3391.0
25.437,3392.0
25.437,3393.0
25.437,3394.0
25.437,3395.0
25.437,3396.0
25.437,3397.0
25.437,3398.0
25.437,3399.0
25.437,3400.0
25.5,3401.0
25.437,3402.0
25.437,3403.0
25.437,3404.0
25.375,3405.0
25.375,3406.0
25.375,3407.0
25.437,3408.0
25.375,3409.0
25.437,3410.0
25.437,3411.0
25.375,3412.0
25.375,3413.0
25.437,3414.0
25.375,3415.0
25.437,3416.0
25.437,3417.0
25.375,3418.0
25.375,3419.0
25.375,3420.0
25.375,3421.0
25.375,3422.0
25.375,3423.0
25.437,3424.0
25.375,3425.0
25.437,3426.0
25.375,3427.0
25.375,3428.0
25.375,3429.0
25.375,3430.0
25.312,3431.0
25.312,3432.0
25.375,3433.0
25.312,3434.0
25.375,3435.0
25.312,3436.0
25.312,3437.0
25.375,3438.0
25.312,3439.0
25.312,3440.0
25.312,3441.0
25.312,3442.0
25.312,3443.0
25.312,3444.0
25.312,3445.0
25.312,3446.0
25.312,3447.0
25.312,3448.0
25.312,3449.0
25.25,3450.0
25.312,3451.0
25.312,3452.0
25.25,3453.0
25.312,3454.0
25.312,3455.0
25.312,3456.0
25.312,3457.0
25.312,3458.0
25.25,3459.0
25.25,3460.0
25.312,3461.0
25.25,3462.0
25.25,3463.0
25.25,3464.0
25.25,3465.0
25.25,3466.0
25.25,3467.0
25.25,3468.0
25.25,3469.0
25.25,3470.0
25.25,3471.0
25.25,3472.0
25.187,3473.0
25.25,3474.0
25.25,3475.0
25.25,3476.0
25.187,3477.0
25.25,3478.0
25.25,3479.0
25.25,3480.0
25.187,3481.0
25.187,3482.0
25.25,3483.0
25.187,3484.0
25.25,3485.0
25.25,3486.0
25.25,3487.0
25.187,3488.0
25.187,3489.0
25.187,3490.0
25.25,3491.0
25.25,3492.0
25.187,3493.0
25.187,3494.0
25.187,3495.0
25.187,3496.0
25.25,3497.0
25.25,3498.0
25.187,3499.0
25.187,3500.0
25.187,3501.0
25.187,3502.0
25.187,3503.0
25.187,3504.0
25.187,3505.0
25.187,3506.0
25.187,3507.0
25.187,3508.0
25.125,3509.0
25.187,3510.0
25.187,3511.0
25.187,3512.0
25.187,3513.0
25.187,3514.0
25.125,3515.0
25.187,3516.0
25.125,3517.0
25.187,3518.0
25.187,3519.0
25.062,3520.0
25.125,3521.0
25.187,3522.0
25.125,3523.0
25.125,3524.0
25.125,3525.0
25.125,3526.0
25.125,3527.0
25.125,3528.0
25.125,3529.0
25.125,3530.0
25.062,3531.0
25.062,3532.0
25.062,3533.0
25.062,3534.0
25.125,3535.0
25.062,3536.0
25.062,3537.0
25.062,3538.0
25.062,3539.0
25.062,3540.0
25.125,3541.0
25.062,3542.0
25.062,3543.0
25.062,3544.0
25.062,3545.0
25.062,3546.0
25.062,3547.0
25.0,3548.0
25.062,3549.0
25.062,3550.0
25.062,3551.0
25.062,3552.0
25.062,3553.0
25.062,3554.0
25.062,3555.0
25.062,3556.0
25.0,3557.0
25.0,3558.0
25.0,3559.0
25.062,3560.0
25.062,3561.0
25.062,3562.0
25.062,3563.0
25.062,3564.0
25.062,3565.0
25.062,3566.0
25.062,3567.0
25.0,3568.0
25.0,3569.0
25.0,3570.0
25.0,3571.0
25.0,3572.0
25.062,3573.0
25.0,3574.0
25.0,3575.0
25.0,3576.0
25.0,3577.0
25.0,3578.0
25.0,3579.0
25.0,3580.0
24.937,3581.0
25.0,3582.0
25.0,3583.0
25.0,3584.0
25.0,3585.0
25.0,3586.0
24.937,3587.0
24.937,3588.0
25.0,3589.0
24.937,3590.0
24.937,3591.0
24.937,3592.0
24.937,3593.0
24.937,3594.0
24.937,3595.0
24.937,3596.0
25.0,3597.0
24.937,3598.0
25.0,3599.0
25.0,3600.0
25.0,3601.0
25.0,3602.0
24.937,3603.0
24.937,3604.0
24.937,3605.0
24.937,3606.0
24.937,3607.0
24.937,3608.0
24.937,3609.0
25.0,3610.0
24.937,3611.0
24.937,3612.0
24.875,3613.0
24.937,3614.0
24.937,3615.0
24.937,3616.0
24.875,3617.0
24.937,3618.0
24.937,3619.0
24.875,3620.0
24.937,3621.0
24.937,3622.0
24.875,3623.0
24.937,3624.0
24.875,3625.0
24.875,3626.0
24.937,3627.0
24.875,3628.0
24.875,3629.0
24.875,3630.0
24.812,3631.0
24.875,3632.0
24.875,3633.0
24.875,3634.0
24.875,3635.0
24.875,3636.0
24.875,3637.0
24.875,3638.0
24.875,3639.0
24.875,3640.0
24.812,3641.0
24.812,3642.0
24.875,3643.0
24.875,3644.0
24.875,3645.0
24.875,3646.0
24.875,3647.0
24.812,3648.0
24.812,3649.0
24.875,3650.0
24.812,3651.0
24.812,3652.0
24.812,3653.0
24.812,3654.0
24.812,3655.0
24.812,3656.0
24.812,3657.0
24.812,3658.0
24.812,3659.0
24.812,3660.0
24.812,3661.0
24.812,3662.0
24.75,3663.0
24.812,3664.0
24.812,3665.0
24.812,3666.0
24.75,3667.0
24.75,3668.0
24.75,3669.0
24.75,3670.0
24.75,3671.0
24.75,3672.0
24.75,3673.0
24.75,3674.0
24.687,3675.0
24.75,3676.0
24.75,3677.0
24.75,3678.0
24.75,3679.0
24.75,3680.0
24.687,3681.0
24.75,3682.0
24.75,3683.0
24.75,3684.0
24.75,3685.0
24.75,3686.0
24.75,3687.0
24.75,3688.0
24.75,3689.0
24.75,3690.0
24.75,3691.0
24.75,3692.0
24.75,3693.0
24.75,3694.0
24.75,3695.0
24.687,3696.0
24.75,3697.0
24.75,3698.0
24.75,3699.0
24.75,3700.0
24.75,3701.0
24.75,3702.0
24.75,3703.0
24.687,3704.0
24.687,3705.0
24.75,3706.0
24.75,3707.0
24.75,3708.0
24.625,3709.0
24.687,3710.0
24.75,3711.0
24.687,3712.0
24.687,3713.0
24.687,3714.0
24.687,3715.0
24.687,3716.0
